Abalia;Abalia;Abalia;https:/www.linkedin.com/company/abalia;https://malditasconsultoras.com/opiniones-de-abalia/;80.71;2025-02-06;Abalia;https://www.glassdoor.es/Resumen/Trabajar-en-Abalia-EI_IE1892632.12,18.htm;2.6;2.4;2.2;2026-05-22;2026-05-22;2026-05-22
Accenture;Accenture España;Accenture España;https://www.linkedin.com/company/accenture-espana/about;https://malditasconsultoras.com/opiniones-de-accenture-espana/;69.57;2022-10-16;Accenture;https://www.glassdoor.es/Resumen/Trabajar-en-Accenture-EI_IE4138.12,21.htm;3.7;3.7;3.7;2026-06-07;2026-06-06;2026-06-06
act digital EMEA - Alter Solutions;COMPANY_NOT_FOUND;COMPANY_NOT_FOUND;COMPANY_NOT_FOUND;COMPANY_NOT_FOUND;;;Alter Solutions;https://www.glassdoor.es/Resumen/Trabajar-en-Alter-Solutions-EI_IE1126031.12,27.htm;3.7;;;2022-03-03;;
AD4 Octógono;COMPANY_NOT_FOUND;COMPANY_NOT_FOUND;COMPANY_NOT_FOUND;COMPANY_NOT_FOUND;;;AD4 Octógono;https://www.glassdoor.es/Resumen/Trabajar-en-AD4-Octógono-EI_IE10043057.12,24.htm;1.0;1.0;1.0;2024-08-14;2024-08-14;2024-08-14
Aelis;COMPANY_NOT_FOUND;COMPANY_NOT_FOUND;COMPANY_NOT_FOUND;COMPANY_NOT_FOUND;;;Aelis Consulting;https://www.glassdoor.es/Resumen/Trabajar-en-Aelis-Consulting-EI_IE3667855.12,28.htm;4.8;4.6;4.6;2025-07-03;2025-04-02;2025-04-02
Akens\Nordburg;COMPANY_NOT_FOUND;COMPANY_NOT_FOUND;COMPANY_NOT_FOUND;COMPANY_NOT_FOUND;;;COMPANY_NOT_FOUND;COMPANY_NOT_FOUND;;;;;;
Akkodis;Akkodis;Akkodis;https:/www.linkedin.com/company/akkodis;https://malditasconsultoras.com/opiniones-de-akkodis/;39.1;2025-06-11;AKKODIS;https://www.glassdoor.es/Resumen/Trabajar-en-AKKODIS-EI_IE7309912.12,19.htm;3.1;3.4;3.6;2026-06-02;2026-06-02;2026-06-02
Alcorce;COMPANY_NOT_FOUND;COMPANY_NOT_FOUND;COMPANY_NOT_FOUND;COMPANY_NOT_FOUND;;;Alcorce Telecomunicaciones;https://www.glassdoor.es/Resumen/Trabajar-en-Alcorce-Telecomunicaciones-EI_IE3132587.12,38.htm;4.5;4.6;4.6;2026-05-11;2026-03-19;2026-03-19
Alisys;Alisys;Alisys;https:/www.linkedin.com/company/alisys;https://malditasconsultoras.com/opiniones-de-alisys/;83.11;2025-05-28;Alisys;https://www.glassdoor.es/Resumen/Trabajar-en-Alisys-EI_IE619115.12,18.htm;1.6;1.3;1.1;2026-03-11;2025-10-17;2025-10-17
Altare Servicios Profesionales;Altare Servicios Profesionales;Altare;https:/www.linkedin.com/company/altare-servicios-profesionales;https://malditasconsultoras.com/opiniones-de-altare-servicios-profesionales/;66.5;2025-08-27;Altare Servicios Profesionales;https://www.glassdoor.es/Resumen/Trabajar-en-Altare-Servicios-Profesionales-EI_IE3133022.12,42.htm;3.7;3.6;3.6;2025-07-15;2025-07-15;2025-07-15
Altia;Altia;Altia;https://www.linkedin.com/company/altia-sa/;https://malditasconsultoras.com/opiniones-de-altia/;58.33;2023-01-26;Altia;https://www.glassdoor.es/Resumen/Trabajar-en-Altia-EI_IE443435.12,17.htm;3.9;3.6;4.0;2026-01-21;2026-01-21;2024-05-06
Altostratus Solutions;Altostratus | Part of Telefónica Tech;Altostratus;https:/www.linkedin.com/company/altostratus-solucions;https://malditasconsultoras.com/opiniones-de-altostratus-solutions/;42.8;2025-01-07;Altostratus Cloud Consulting;https://www.glassdoor.es/Resumen/Trabajar-en-Altostratus-Cloud-Consulting-EI_IE4380957.12,40.htm;3.5;3.7;3.9;2025-06-19;2025-06-19;2025-06-19
Alvatross;COMPANY_NOT_FOUND;COMPANY_NOT_FOUND;COMPANY_NOT_FOUND;COMPANY_NOT_FOUND;;;alvatross;https://www.glassdoor.es/Resumen/Trabajar-en-alvatross-EI_IE10036273.12,21.htm;2.4;2.5;2.5;2026-03-10;2026-03-10;2026-03-10
Alvea Soluciones Tecnológicas;Alvea Soluciones Tecnológicas;Alvea;https:/www.linkedin.com/company/alvea-soluciones-tecnologicas;https://malditasconsultoras.com/opiniones-de-alvea-soluciones-tecnologicas/;55.26;2025-03-17;Alvea Soluciones Tecnológicas;https://www.glassdoor.es/Resumen/Trabajar-en-Alvea-Soluciones-Tecnológicas-EI_IE6145833.12,41.htm;3.2;2.9;3.3;2026-02-06;2025-11-06;2025-11-06
Anzen;COMPANY_NOT_FOUND;COMPANY_NOT_FOUND;COMPANY_NOT_FOUND;COMPANY_NOT_FOUND;;;ANZEN Technologies;https://www.glassdoor.es/Resumen/Trabajar-en-ANZEN-Technologies-EI_IE5002719.12,30.htm;3.7;;;2023-06-19;;
Apiumhub;Apiumhub;Apiumhub;https:/www.linkedin.com/company/apium_hub;https://malditasconsultoras.com/opiniones-de-apiumhub/;44.17;2025-06-20;Apiumhub;https://www.glassdoor.es/Resumen/Trabajar-en-Apiumhub-EI_IE996618.12,20.htm;4.2;4.4;;2025-08-18;2025-06-25;
Apiux Tech;COMPANY_NOT_FOUND;COMPANY_NOT_FOUND;COMPANY_NOT_FOUND;COMPANY_NOT_FOUND;;;Apiux Tecnología;https://www.glassdoor.es/Resumen/Trabajar-en-Apiux-Tecnología-EI_IE3295983.12,28.htm;3.8;4.0;4.0;2025-07-11;2025-05-06;2025-05-06
Arktic;COMPANY_NOT_FOUND;COMPANY_NOT_FOUND;COMPANY_NOT_FOUND;COMPANY_NOT_FOUND;;;Arktic (Spain);https://www.glassdoor.es/Resumen/Trabajar-en-Arktic-Spain-EI_IE10007022.12,24.htm;2.4;;;2026-05-19;;
Astek;Astek;Astek;https://www.linkedin.com/company/astek/about;https://malditasconsultoras.com/opiniones-de-astek/;80.02;2025-05-25;Astek Corporation;https://www.glassdoor.es/Resumen/Trabajar-en-Astek-Corporation-EI_IE1266905.12,29.htm;;;;;;
Aszendit;Aszendit Tech;Aszendit;https:/www.linkedin.com/company/aszendit;https://malditasconsultoras.com/opiniones-de-aszendit-tech/;41.53;2025-06-11;Aszendit;https://www.glassdoor.es/Resumen/Trabajar-en-Aszendit-EI_IE7510238.12,20.htm;3.4;3.9;3.9;2026-03-31;2026-03-31;2026-03-31
Atmira;atmira;atmira;https://www.linkedin.com/company/atmira/about;https://malditasconsultoras.com/opiniones-de-atmira/;67.45;2024-10-06;Atmira;https://www.glassdoor.es/Resumen/Trabajar-en-Atmira-EI_IE1053253.12,18.htm;3.4;3.3;3.3;2026-05-12;2026-05-12;2026-04-27
Aubay;Aubay;Aubay;https://www.linkedin.com/company/aubay/;https://malditasconsultoras.com/opiniones-de-aubay/;62.74;2023-07-19;Aubay;https://www.glassdoor.es/Resumen/Trabajar-en-Aubay-EI_IE12945.12,17.htm;3.6;3.4;3.3;2026-05-12;2026-05-12;2026-05-12
Axpe Consulting;Axpe Consulting;Axpe Consulting;https://www.linkedin.com/company/axpe-consulting;https://malditasconsultoras.com/opiniones-de-axpe-consulting/;81.34;2024-01-15;AXPE Consulting;https://www.glassdoor.es/Resumen/Trabajar-en-AXPE-Consulting-EI_IE874319.12,27.htm;2.7;2.5;2.2;2026-05-08;2026-05-08;2026-05-08
Ayesa;AYESA;AYESA;https://www.linkedin.com/company/ayesa/;https://malditasconsultoras.com/opiniones-de-ayesa/;67.42;2023-07-10;Ayesa;https://www.glassdoor.es/Resumen/Trabajar-en-Ayesa-EI_IE414305.12,17.htm;3.5;3.4;3.3;2026-06-04;2026-06-04;2026-06-04
Babel;Babel;Babel;https://www.linkedin.com/company/babel;https://malditasconsultoras.com/babel-sistemas-de-informacion/;59.09;2023-11-13;BABEL;https://www.glassdoor.es/Resumen/Trabajar-en-BABEL-EI_IE810396.12,17.htm;3.5;3.6;3.7;2026-05-24;2026-05-24;2026-05-24
BBVA Technology;BBVA Technology en Europa;BBVA;https:/www.linkedin.com/company/bbva-next-technologies;https://malditasconsultoras.com/opiniones-de-bbva-technology-en-europa/;31.71;2025-01-07;BBVA;https://www.glassdoor.es/Resumen/Trabajar-en-BBVA-EI_IE1237.12,16.htm;3.9;3.9;3.8;2026-06-07;2026-06-07;2026-06-07
BOYCOR;Boycor;Boycor;https://www.linkedin.com/company/boycor-s.l./;https://malditasconsultoras.com/opiniones-de-boycor/;63.81;2023-05-30;Boycor;https://www.glassdoor.es/Resumen/Trabajar-en-Boycor-EI_IE8364313.12,18.htm;4.2;4.0;4.0;2025-02-13;2025-02-13;2024-08-07
BSD Enterprise;EXTRACTION_ERROR;EXTRACTION_ERROR;EXTRACTION_ERROR;https://malditasconsultoras.com/opiniones-de-bsd-enterprise-espana/;7.14;;BSD Enterprise;https://www.glassdoor.es/Resumen/Trabajar-en-BSD-Enterprise-EI_IE633288.12,26.htm;2.8;;;2026-04-10;;
Cabify;Cabify;Cabify;https:/www.linkedin.com/company/cabify;https://malditasconsultoras.com/opiniones-de-cabify/;56.52;2025-01-29;Cabify;https://www.glassdoor.es/Resumen/Trabajar-en-Cabify-EI_IE975202.12,18.htm;3.9;3.6;3.5;2026-05-27;2026-05-06;2026-05-06
CaixaBank Tech;CaixaBank Tech;CaixaBank;https:/www.linkedin.com/company/cabktech;https://malditasconsultoras.com/opiniones-de-caixabank-tech/;20.19;2025-01-06;CaixaBank Tech;https://www.glassdoor.es/Resumen/Trabajar-en-CaixaBank-Tech-EI_IE10939197.12,26.htm;2.9;3.1;3.7;2026-05-27;2026-05-27;2026-05-05
Capitole;Capitole;Capitole;https:/www.linkedin.com/company/capitole-consulting;https://malditasconsultoras.com/opiniones-de-capitole-consulting/;43.69;2025-01-07;Capitole Consulting;https://www.glassdoor.es/Resumen/Trabajar-en-Capitole-Consulting-EI_IE2060890.12,31.htm;4.3;4.2;3.9;2026-05-28;2026-05-28;2026-04-16
Cloudera;Pragsis Bidoop;EXTRACTION_ERROR;EXTRACTION_ERROR;https://malditasconsultoras.com/opiniones-de-pragsis-bidoop/;62.85;;Cloudera;https://www.glassdoor.es/Resumen/Trabajar-en-Cloudera-EI_IE360671.12,20.htm;4.1;5.0;5.0;2025-11-26;2025-01-17;2025-01-17
Coforge;Coforge;Coforge;https://www.linkedin.com/company/coforge-tech/about;https://malditasconsultoras.com/opiniones-de-coforge/;53.51;2025-05-25;Coforge;https://www.glassdoor.es/Resumen/Trabajar-en-Coforge-EI_IE36319.12,19.htm;3.7;4.4;4.4;2026-05-29;2026-05-20;2026-05-20
Corus Consulting;COMPANY_NOT_FOUND;COMPANY_NOT_FOUND;COMPANY_NOT_FOUND;COMPANY_NOT_FOUND;;;Corus Consulting;https://www.glassdoor.es/Resumen/Trabajar-en-Corus-Consulting-EI_IE3180586.12,28.htm;4.2;4.5;4.1;2025-12-01;2025-05-28;2025-02-17
Cívica Software;EXTRACTION_ERROR;EXTRACTION_ERROR;EXTRACTION_ERROR;https://malditasconsultoras.com/entrevistaincomoda-al-ceo-de-la-consultora-civica-software/;;;Civica Software;https://www.glassdoor.es/Resumen/Trabajar-en-Civica-Software-EI_IE1473234.12,27.htm;4.3;4.4;3.0;2025-06-12;2025-06-12;2025-01-07
Dataminded;COMPANY_NOT_FOUND;COMPANY_NOT_FOUND;COMPANY_NOT_FOUND;COMPANY_NOT_FOUND;;;Data Minded;https://www.glassdoor.es/Resumen/Trabajar-en-Data-Minded-EI_IE4396889.12,23.htm;;;;;;
Dedalus;Dedalus;Dedalus;https:/www.linkedin.com/company/dedalus-group;https://malditasconsultoras.com/opiniones-de-dedalus/;46.74;2025-06-11;Dedalus;https://www.glassdoor.es/Resumen/Trabajar-en-Dedalus-EI_IE1142991.12,19.htm;3.5;2.9;2.8;2026-06-01;2026-05-29;2026-05-29
DIGITAL55;COMPANY_NOT_FOUND;COMPANY_NOT_FOUND;COMPANY_NOT_FOUND;COMPANY_NOT_FOUND;;;Digital 55;https://www.glassdoor.es/Resumen/Trabajar-en-Digital-55-EI_IE2034498.12,22.htm;4.5;4.4;4.4;2026-04-09;2026-04-09;2026-04-09
DISID;DISID;DISID;https:/www.linkedin.com/company/disid;https://malditasconsultoras.com/opiniones-de-disid/;36.82;2025-06-11;DISID;https://www.glassdoor.es/Resumen/Trabajar-en-DISID-EI_IE6091052.12,17.htm;4.2;3.9;;2025-11-12;2025-09-16;
DXC Technology;DXC Technology;DXC;https:/www.linkedin.com/company/dxctechnology;https://malditasconsultoras.com/opiniones-de-dxc-technology/;52.27;2025-01-07;DXC Technology;https://www.glassdoor.es/Resumen/Trabajar-en-DXC-Technology-EI_IE1603125.12,26.htm;3.4;3.4;3.9;2026-05-16;2026-05-12;2026-04-22
EADTrust;COMPANY_NOT_FOUND;COMPANY_NOT_FOUND;COMPANY_NOT_FOUND;COMPANY_NOT_FOUND;;;EADTrust;https://www.glassdoor.es/Resumen/Trabajar-en-EADTrust-EI_IE3153380.12,20.htm;4.8;5.0;5.0;2025-12-09;2024-12-02;2024-12-02
eDreams ODIGEO;Imatia Innovation;Imatia Innovation;https://www.linkedin.com/company/imatia-innovation/;https://malditasconsultoras.com/opiniones-de-brujula/;88.09;2022-09-28;eDreams ODIGEO;https://www.glassdoor.es/Resumen/Trabajar-en-eDreams-ODIGEO-EI_IE12822.12,26.htm;4.1;4.0;4.2;2026-06-03;2026-06-03;2026-02-24
Elastic;Elastic;Elastic;https:/www.linkedin.com/company/elastic-co;https://malditasconsultoras.com/opiniones-de-elastic/;21.43;2025-01-29;Elastic;https://www.glassdoor.es/Resumen/Trabajar-en-Elastic-EI_IE751551.12,19.htm;3.8;3.4;4.4;2025-11-21;2025-11-10;2022-03-16
ENTELGY;Entelgy;Entelgy;https://www.linkedin.com/company/entelgy/about;https://malditasconsultoras.com/opiniones-de-entely/;71.11;2023-07-24;Entelgy;https://www.glassdoor.es/Resumen/Trabajar-en-Entelgy-EI_IE578027.12,19.htm;3.4;3.4;3.4;2026-04-24;2026-04-24;2026-04-24
Espublico;Espublico S.A.;Espublico;https:/www.linkedin.com/company/espublico;https://malditasconsultoras.com/opiniones-de-espublico/;37.97;2025-06-18;esPublico Tecnología;https://www.glassdoor.es/Resumen/Trabajar-en-esPublico-Tecnología-EI_IE3156151.12,32.htm;3.9;3.9;;2025-09-18;2025-09-18;
excelia;excelia;excelia;https://www.linkedin.com/company/excelia/;https://malditasconsultoras.com/opiniones-de-excelia/;69.22;2024-11-12;Excelia (Spain);https://www.glassdoor.es/Resumen/Trabajar-en-Excelia-Spain-EI_IE2952171.12,25.htm;2.5;2.7;2.7;2026-06-03;2026-06-03;2026-06-03
Experis España;EXTRACTION_ERROR;EXTRACTION_ERROR;EXTRACTION_ERROR;https://malditasconsultoras.com/top-20-consultoras-de-espana-para-el-plan-80-20/;;;Experis;https://www.glassdoor.es/Resumen/Trabajar-en-Experis-EI_IE608019.12,19.htm;3.2;3.4;3.4;2026-05-26;2026-02-07;2026-02-07
Fintonic;COMPANY_NOT_FOUND;COMPANY_NOT_FOUND;COMPANY_NOT_FOUND;COMPANY_NOT_FOUND;;;Fintonic;https://www.glassdoor.es/Resumen/Trabajar-en-Fintonic-EI_IE1797544.12,20.htm;3.5;3.3;3.3;2026-05-19;2026-05-19;2026-05-19
Forgotten Empires;COMPANY_NOT_FOUND;COMPANY_NOT_FOUND;COMPANY_NOT_FOUND;COMPANY_NOT_FOUND;;;Forgotten Empires;https://www.glassdoor.es/Resumen/Trabajar-en-Forgotten-Empires-EI_IE4148459.12,29.htm;;;;;;
Full on Net;Full On Net;Full On Net;https://www.linkedin.com/company/fullonnet/;https://malditasconsultoras.com/opiniones-de-full-on-net/;57.14;2024-09-26;Full On Net;https://www.glassdoor.es/Resumen/Trabajar-en-Full-On-Net-EI_IE3314276.12,23.htm;3.9;4.2;4.1;2026-02-19;2026-02-19;2026-02-19
Garaje de Ideas;Garaje de ideas;Garaje;https:/www.linkedin.com/company/garaje-de-ideas;https://malditasconsultoras.com/opiniones-de-garaje-de-ideas/;42.36;2025-01-06;Garaje de Ideas;https://www.glassdoor.es/Resumen/Trabajar-en-Garaje-de-Ideas-EI_IE3161113.12,27.htm;4.4;4.5;4.5;2026-05-26;2026-05-19;2026-05-19
Globant;Globant;Globant;https:/www.linkedin.com/company/globant;https://malditasconsultoras.com/opiniones-de-globant/;62.46;2025-07-20;Globant;https://www.glassdoor.es/Resumen/Trabajar-en-Globant-EI_IE10893217.12,19.htm;3.6;3.0;3.0;2026-06-01;2025-11-17;2025-11-17
GMV;GMV;EXTRACTION_ERROR;EXTRACTION_ERROR;https://malditasconsultoras.com/opiniones-de-gvm/;50.0;;GMV;https://www.glassdoor.es/Resumen/Trabajar-en-GMV-EI_IE306637.12,15.htm;4.3;4.3;4.3;2026-06-04;2026-06-04;2026-06-04
GOVERTIS;GOVERTIS;GOVERTIS;https:/www.linkedin.com/company/govertis;https://malditasconsultoras.com/opiniones-de-govertis/;33.46;2025-06-17;GOVERTIS Advisory Services;https://www.glassdoor.es/Resumen/Trabajar-en-GOVERTIS-Advisory-Services-EI_IE4494553.12,38.htm;4.5;4.4;4.5;2026-05-27;2025-11-21;2025-11-21
HeyClue;COMPANY_NOT_FOUND;COMPANY_NOT_FOUND;COMPANY_NOT_FOUND;COMPANY_NOT_FOUND;;;COMPANY_NOT_FOUND;COMPANY_NOT_FOUND;;;;;;
Idealista;idealista;idealista;https://www.linkedin.com/company/idealista-com/;https://malditasconsultoras.com/opiniones-de-idealista/;36.87;2024-09-20;Idealista.com;https://www.glassdoor.es/Resumen/Trabajar-en-Idealista-com-EI_IE927735.12,25.htm;4.0;4.1;4.1;2026-05-04;2026-05-04;2026-05-04
Indra;Tech Mahindra;Tech;https:/www.linkedin.com/company/tech-mahindra;https://malditasconsultoras.com/opiniones-de-tech-mahindra/;59.77;2025-01-06;Indra;https://www.glassdoor.es/Resumen/Trabajar-en-Indra-EI_IE9757.12,17.htm;3.6;3.5;3.5;2026-06-06;2026-06-05;2026-06-05
Inetum;Inetum;Inetum;https:/www.linkedin.com/company/inetum;https://malditasconsultoras.com/opiniones-de-inetum/;57.32;2025-03-13;Inetum;https://www.glassdoor.es/Resumen/Trabajar-en-Inetum-EI_IE9028.12,18.htm;3.1;3.3;3.4;2026-06-03;2026-05-28;2026-05-28
Infortec Consultores;Infortec Consultores;Infortec Consultores;https://www.linkedin.com/company/infortec-consultores/;https://malditasconsultoras.com/opiniones-de-infortec-consultores/;66.94;2023-07-27;INFORTEC;https://www.glassdoor.es/Resumen/Trabajar-en-INFORTEC-EI_IE1032872.12,20.htm;2.7;3.1;3.2;2026-04-22;2026-04-22;2026-04-22
Infoser New Technologies;COMPANY_NOT_FOUND;COMPANY_NOT_FOUND;COMPANY_NOT_FOUND;COMPANY_NOT_FOUND;;;Infoser New Tecnologies;https://www.glassdoor.es/Resumen/Trabajar-en-Infoser-New-Tecnologies-EI_IE6392628.12,35.htm;3.3;3.3;3.3;2025-06-19;2025-06-19;2025-06-19
Integra;INTEGRACIÓN TECNOLÓGICA EMPRESARIAL, S.L.;INTEGRACIÓN;https:/www.linkedin.com/company/integracion-tecnologica-empresarial-grupo-ite-;https://malditasconsultoras.com/opiniones-de-integracion-tecnologica-empresarial/;43.04;2025-06-18;Integra;https://www.glassdoor.es/Resumen/Trabajar-en-Integra-EI_IE835780.12,19.htm;4.4;;;2020-06-01;;
INTEGRACIÓN TECNOLÓGICA EMPRESARIAL;INTEGRACIÓN TECNOLÓGICA EMPRESARIAL, S.L.;INTEGRACIÓN;https:/www.linkedin.com/company/integracion-tecnologica-empresarial-grupo-ite-;https://malditasconsultoras.com/opiniones-de-integracion-tecnologica-empresarial/;43.04;2025-06-18;ITE Group;https://www.glassdoor.es/Resumen/Trabajar-en-ITE-Group-EI_IE3163707.12,21.htm;3.3;3.5;3.5;2026-05-04;2025-06-11;2025-06-11
Irium;IRIUM;IRIUM;https://www.linkedin.com/company/irium-solucionesysistemas;https://malditasconsultoras.com/opiniones-de-irium/;77.18;2024-02-04;Irium;https://www.glassdoor.es/Resumen/Trabajar-en-Irium-EI_IE811530.12,17.htm;2.7;2.6;2.7;2026-05-27;2026-05-27;2026-05-27
Izertis;IZERTIS;IZERTIS;https:/www.linkedin.com/company/izertis;https://malditasconsultoras.com/opiniones-de-izertis/;57.69;2024-11-23;Izertis;https://www.glassdoor.es/Resumen/Trabajar-en-Izertis-EI_IE1389702.12,19.htm;3.3;3.4;3.4;2026-06-06;2026-06-06;2026-05-11
Kairós;KAIROS DIGITAL SOLUTIONS;KAIROS DIGITAL SOLUTIONS;https://www.linkedin.com/company/kair%C3%B3s-digital-solutions-s-l-;https://malditasconsultoras.com/opiniones-de-kairos-digital-solutions-espana/;57.24;2024-08-19;KairósRH;https://www.glassdoor.es/Resumen/Trabajar-en-KairósRH-EI_IE4260632.12,20.htm;;;;;;
Keepler Data Tech;EXTRACTION_ERROR;EXTRACTION_ERROR;EXTRACTION_ERROR;https://malditasconsultoras.com/entrevista-a-keepler-data-tech-ganadora-de-top-mejores-consultoras-it-de-espana-2023/;;;Keepler;https://www.glassdoor.es/Resumen/Trabajar-en-Keepler-EI_IE2345439.12,19.htm;3.5;3.4;3.5;2025-12-28;2025-12-28;2025-12-22
Kelea;Kelea;Kelea;https:/www.linkedin.com/company/keleacompany;https://malditasconsultoras.com/opiniones-de-kelea/;26.73;2025-06-18;Kelea;https://www.glassdoor.es/Resumen/Trabajar-en-Kelea-EI_IE4893418.12,17.htm;4.4;5.0;;2026-02-01;2026-02-01;
Kenos;Kenos Technology;Kenos;https:/www.linkedin.com/company/kenos-technology;https://malditasconsultoras.com/opiniones-de-kenos-technology/;40.21;2025-06-11;Kenos Technology;https://www.glassdoor.es/Resumen/Trabajar-en-Kenos-Technology-EI_IE2860148.12,28.htm;4.8;4.8;;2026-03-18;2026-03-18;
knowmad mood;knowmad mood;knowmad mood;https://www.linkedin.com/company/knowmad-mood;https://malditasconsultoras.com/opiniones-de-knowmad-mood/;54.35;2024-06-13;knowmad mood;https://www.glassdoor.es/Resumen/Trabajar-en-knowmad-mood-EI_IE297765.12,24.htm;4.0;3.9;4.0;2026-06-03;2026-06-03;2026-05-28
Kynaxis;COMPANY_NOT_FOUND;COMPANY_NOT_FOUND;COMPANY_NOT_FOUND;COMPANY_NOT_FOUND;;;Kynaxis;https://www.glassdoor.es/Resumen/Trabajar-en-Kynaxis-EI_IE7468729.12,19.htm;3.2;3.8;3.8;2026-05-06;2026-05-06;2026-05-06
Kyndryl;Kyndryl;Kyndryl;https:/www.linkedin.com/company/kyndryl;https://malditasconsultoras.com/opiniones-de-kyndryl/;27.33;2025-06-11;Kyndryl;https://www.glassdoor.es/Resumen/Trabajar-en-Kyndryl-EI_IE5905801.12,19.htm;3.6;3.5;3.3;2026-06-03;2026-05-21;2026-04-27
Lognext;Lognext;Lognext;https:/www.linkedin.com/company/lognext;https://malditasconsultoras.com/opiniones-de-trabajar-en-lognext/;56.82;2025-03-21;LOGNEXT;https://www.glassdoor.es/Resumen/Trabajar-en-LOGNEXT-EI_IE1699189.12,19.htm;4.1;3.9;3.7;2026-04-15;2026-04-15;2026-04-15
Luca TIC;Luca TIC;Luca TIC;https://www.linkedin.com/company/lucatic/;https://malditasconsultoras.com/opiniones-de-luca-tic/;81.02;2023-05-23;Luca TIC;https://www.glassdoor.es/Resumen/Trabajar-en-Luca-TIC-EI_IE1340933.12,20.htm;3.2;3.0;2.8;2025-12-16;2025-11-11;2025-09-18
Mercadona Tech;Mercadona Tech;Mercadona Tech;https://www.linkedin.com/company/mercadonatech/about;https://malditasconsultoras.com/opiniones-de-mercadona-tech/;21.09;2021-11-14;Mercadona Tech;https://www.glassdoor.es/Resumen/Trabajar-en-Mercadona-Tech-EI_IE8204050.12,26.htm;3.2;3.3;4.1;2026-06-03;2026-06-03;2026-04-22
METRICA;Metrica Consulting, S.L;Metrica Consulting, S.L;https://www.linkedin.com/company/metrica-consulting-s.l/;https://malditasconsultoras.com/opiniones-de-metrica-consulting/;74.56;2022-08-04;Metrica;https://www.glassdoor.es/Resumen/Trabajar-en-Metrica-EI_IE292998.12,19.htm;3.6;;;2023-08-04;;
Minsait;Minsait;Minsait;https:/www.linkedin.com/company/minsait;https://malditasconsultoras.com/opiniones-de-minsait/;47.26;2025-01-07;Minsait;https://www.glassdoor.es/Resumen/Trabajar-en-Minsait-EI_IE1201389.12,19.htm;3.7;3.6;3.7;2026-06-04;2026-06-04;2026-05-29
MTP;MTP Métodos y Tecnología;MTP Métodos y Tecnología;https:/www.linkedin.com/company/mtp-metodos-y-tecnologia;https://malditasconsultoras.com/opiniones-de-mtp-metodos-y-tecnologia/;62.39;2024-11-23;MTP Métodos e Tecnologia – Brasil;https://www.glassdoor.es/Resumen/Trabajar-en-MTP-Métodos-e-Tecnologia-Brasil-EI_IE2687428.12,43.htm;4.0;4.9;4.9;2025-03-28;2025-03-28;2025-03-28
Mutua Madrileña;Enimbos;EXTRACTION_ERROR;EXTRACTION_ERROR;https://malditasconsultoras.com/opiniones-de-enimbos/;35.85;;Mutua Madrileña;https://www.glassdoor.es/Resumen/Trabajar-en-Mutua-Madrileña-EI_IE1312261.12,27.htm;3.6;3.6;3.6;2026-05-26;2026-04-02;2026-04-02
MyCloudDoor;myCloudDoor;myCloudDoor;https:/www.linkedin.com/company/myclouddoor;https://malditasconsultoras.com/opiniones-de-myclouddoor/;35.71;2025-06-11;MyCloudDoor;https://www.glassdoor.es/Resumen/Trabajar-en-MyCloudDoor-EI_IE3862957.12,23.htm;4.4;4.6;4.6;2026-04-05;2026-04-05;2026-04-05
NCS - Consultoría Tecnológica;NCS;NCS;https:/www.linkedin.com/company/ncs-spain;https://malditasconsultoras.com/opiniones-de-ncs-consultoria-tecnologica/;83.28;2025-02-18;COMPANY_NOT_FOUND;COMPANY_NOT_FOUND;;;;;;
Neoris;NEORIS;NEORIS;https://www.linkedin.com/company/neoris/;https://malditasconsultoras.com/opiniones-de-neoris/;74.85;2023-04-04;NEORIS;https://www.glassdoor.es/Resumen/Trabajar-en-NEORIS-EI_IE21367.12,18.htm;3.7;3.2;3.3;2026-06-06;2026-04-10;2026-04-10
NETCheck;NETCheck;NETCheck;https:/www.linkedin.com/company/netcheck;https://malditasconsultoras.com/opiniones-de-netcheck/;75.55;2025-06-27;NetCheck;https://www.glassdoor.es/Resumen/Trabajar-en-NetCheck-EI_IE845379.12,20.htm;3.3;3.3;3.3;2025-12-02;2025-12-02;2025-12-02
Next Digital;NEXT DIGITAL;NEXT;https:/www.linkedin.com/company/nextdigitalhub;https://malditasconsultoras.com/opiniones-de-next-digital/;35.79;2025-06-11;Next Digital Hub;https://www.glassdoor.es/Resumen/Trabajar-en-Next-Digital-Hub-EI_IE4187904.12,28.htm;4.4;4.4;4.5;2026-05-20;2026-05-20;2026-05-20
Nexthink;Nexthink;Nexthink;https:/www.linkedin.com/company/nexthink;https://malditasconsultoras.com/opiniones-de-nexthink-espana/;39.84;2025-07-20;Nexthink;https://www.glassdoor.es/Resumen/Trabajar-en-Nexthink-EI_IE697818.12,20.htm;4.2;3.4;3.4;2026-04-17;2026-04-17;2026-04-17
NTT Data;NTT;NTT;https:/www.linkedin.com/company/ntt-data-europe-latam;https://malditasconsultoras.com/opiniones-de-ntt-data/;70.45;2025-02-03;NTT DATA;https://www.glassdoor.es/Resumen/Trabajar-en-NTT-DATA-EI_IE7649.12,20.htm;3.7;3.5;3.7;2026-06-05;2026-06-05;2026-06-05
Nunegal;Nunegal Consulting;Nunegal;https:/www.linkedin.com/company/nunegal;https://malditasconsultoras.com/opiniones-de-nunegal-consulting/;42.68;2025-06-18;Nunegal Consulting;https://www.glassdoor.es/Resumen/Trabajar-en-Nunegal-Consulting-EI_IE4318752.12,30.htm;3.2;3.5;;2025-12-21;2025-09-16;
Ocado;Ocado Technology;Ocado;https:/www.linkedin.com/company/ocado-technology;https://malditasconsultoras.com/opiniones-de-ocado-technology/;36.99;2025-01-06;Ocado Group;https://www.glassdoor.es/Resumen/Trabajar-en-Ocado-Group-EI_IE22337.12,23.htm;3.2;5.0;;2023-02-13;2022-10-19;
Oho Group;EXTRACTION_ERROR;EXTRACTION_ERROR;EXTRACTION_ERROR;https://malditasconsultoras.com/opiniones-de-lidera-knowled/;;;The Oho Group;https://www.glassdoor.es/Resumen/Trabajar-en-The-Oho-Group-EI_IE1570689.12,25.htm;;;;;;
Optimissa;Optimissa;Optimissa;https:/www.linkedin.com/company/optimissa;https://malditasconsultoras.com/opiniones-de-optimissa-capital-markets-consulting/;67.36;2024-11-17;Optimissa;https://www.glassdoor.es/Resumen/Trabajar-en-Optimissa-EI_IE1391007.12,21.htm;3.3;3.0;2.8;2026-05-24;2026-05-24;2026-03-27
Orenes Grupo;COMPANY_NOT_FOUND;COMPANY_NOT_FOUND;COMPANY_NOT_FOUND;COMPANY_NOT_FOUND;;;Orenes Grupo;https://www.glassdoor.es/Resumen/Trabajar-en-Orenes-Grupo-EI_IE2708934.12,24.htm;4.5;4.4;4.2;2026-04-22;2026-04-22;2026-04-22
Oxigent;Oxigent Technologies;Oxigent;https:/www.linkedin.com/company/oxigent;https://malditasconsultoras.com/opiniones-de-oxigent-technologies/;39.56;2025-01-06;Oxigent;https://www.glassdoor.es/Resumen/Trabajar-en-Oxigent-EI_IE4546755.12,19.htm;4.6;4.7;5.0;2026-05-26;2026-05-26;2025-05-20
Paradigma Digital;Paradigma Digital;Paradigma Digital;https://www.linkedin.com/company/paradigma-digital/about;https://malditasconsultoras.com/opinones-de-paradigma-digital/;51.08;2022-06-23;Paradigma Digital;https://www.glassdoor.es/Resumen/Trabajar-en-Paradigma-Digital-EI_IE991240.12,29.htm;4.3;4.4;4.4;2026-04-09;2026-04-09;2026-04-09
Plexus Tech;Plexus Tech;Plexus;https:/www.linkedin.com/company/plexus-tech;https://malditasconsultoras.com/opiniones-de-plexus/;45.65;2025-01-06;Plexus Tech;https://www.glassdoor.es/Resumen/Trabajar-en-Plexus-Tech-EI_IE4641298.12,23.htm;3.6;3.6;3.7;2026-06-03;2026-06-03;2026-06-02
Prima;EXTRACTION_ERROR;EXTRACTION_ERROR;EXTRACTION_ERROR;https://malditasconsultoras.com/entrevista-a-xpupas-un-seguidor-nos-cuenta-su-experiencia-it-en-finlandia/;;;Prima Personeel;https://www.glassdoor.es/Resumen/Trabajar-en-Prima-Personeel-EI_IE987510.12,27.htm;;;;;;
PrimeIT;PrimeIT España;PrimeIT;https:/www.linkedin.com/company/primeit-espa%C3%B1a;https://malditasconsultoras.com/opiniones-de-primeit/;44.08;2025-01-06;Prime IT;https://www.glassdoor.es/Resumen/Trabajar-en-Prime-IT-EI_IE373143.12,20.htm;3.7;4.1;4.2;2026-05-26;2026-05-26;2026-05-26
Procesia;Procesia;Procesia;https:/www.linkedin.com/company/procesia;https://malditasconsultoras.com/opiniones-de-procesia/;31.2;2025-06-18;Procesia Proyectos y Servicios;https://www.glassdoor.es/Resumen/Trabajar-en-Procesia-Proyectos-y-Servicios-EI_IE2900087.12,42.htm;3.9;4.6;4.6;2026-01-27;2025-05-22;2025-05-22
Profile Software Services;Profile Software Services;Profile Software Services;https://www.linkedin.com/company/profile-software-services/;https://malditasconsultoras.com/opiniones-de-profile-software-services/;64.26;2023-06-02;Profile Software Services;https://www.glassdoor.es/Resumen/Trabajar-en-Profile-Software-Services-EI_IE1453167.12,37.htm;4.4;4.6;4.6;2026-06-01;2026-06-01;2026-06-01
Qindel Group;Qindel Group;Qindel;https:/www.linkedin.com/company/qindel;https://malditasconsultoras.com/opiniones-de-qindel/;64.71;2025-03-18;Qindel;https://www.glassdoor.es/Resumen/Trabajar-en-Qindel-EI_IE1139988.12,18.htm;4.5;4.6;;2026-02-18;2026-02-18;
Quolutions;COMPANY_NOT_FOUND;COMPANY_NOT_FOUND;COMPANY_NOT_FOUND;COMPANY_NOT_FOUND;;;Quolutions;https://www.glassdoor.es/Resumen/Trabajar-en-Quolutions-EI_IE4712234.12,22.htm;;;;;;
Randstad;Randstad Digital;Randstad;https:/www.linkedin.com/company/randstaddigital;https://malditasconsultoras.com/opiniones-de-randstad-digital/;35.16;2025-07-29;Randstad;https://www.glassdoor.es/Resumen/Trabajar-en-Randstad-EI_IE302306.12,20.htm;3.6;3.4;3.6;2026-06-02;2026-05-22;2026-04-27
Rawson BPO;Rawson BPO;Rawson BPO;https://www.linkedin.com/company/rawson-bpo/;https://malditasconsultoras.com/opiniones-de-rawson-bpo-espana/;81.48;2023-05-25;Rawson BPO;https://www.glassdoor.es/Resumen/Trabajar-en-Rawson-BPO-EI_IE2605376.12,22.htm;4.6;5.0;5.0;2025-05-27;2025-05-27;2025-05-27
Redsys;COMPANY_NOT_FOUND;COMPANY_NOT_FOUND;COMPANY_NOT_FOUND;COMPANY_NOT_FOUND;;;Redsys;https://www.glassdoor.es/Resumen/Trabajar-en-Redsys-EI_IE952860.12,18.htm;3.6;3.6;3.7;2026-04-01;2026-04-01;2026-04-01
Revolut;Revolut;Revolut;https:/www.linkedin.com/company/revolut;https://malditasconsultoras.com/opiniones-de-revolut/;33.32;2025-05-29;Revolut;https://www.glassdoor.es/Resumen/Trabajar-en-Revolut-EI_IE1176471.12,19.htm;4.0;3.9;3.8;2026-06-02;2026-06-02;2026-06-02
Salesforce;STRATESYS;STRATESYS;https:/www.linkedin.com/company/stratesys;https://malditasconsultoras.com/opiniones-de-stratesys/;60.0;2025-03-13;Salesforce;https://www.glassdoor.es/Resumen/Trabajar-en-Salesforce-EI_IE11159.12,22.htm;4.1;4.1;3.9;2026-05-15;2026-04-01;2026-04-01
Santander Global Tech;Santander Digital Services;Santander;https:/www.linkedin.com/company/santander-gto;https://malditasconsultoras.com/opiniones-de-santander-digital-services/;27.54;2025-01-06;Santander;https://www.glassdoor.es/Resumen/Trabajar-en-Santander-EI_IE828048.12,21.htm;3.8;3.6;3.6;2026-06-04;2026-05-29;2026-05-29
Scalian;Scalian Spain;Scalian;https:/www.linkedin.com/company/scalian-spain;https://malditasconsultoras.com/opiniones-de-scalian-spain/;62.2;2025-06-24;Scalian;https://www.glassdoor.es/Resumen/Trabajar-en-Scalian-EI_IE1692882.12,19.htm;3.6;3.9;3.9;2026-05-05;2026-05-05;2026-05-05
SCRM;SCRM Lidl International Hub;SCRM;https:/www.linkedin.com/company/scrmlidlinternationalhub;https://malditasconsultoras.com/scrm-lidl-international-hub/;30.45;2025-06-11;SCRM;https://www.glassdoor.es/Resumen/Trabajar-en-SCRM-EI_IE2574686.12,16.htm;4.0;3.7;;2026-04-07;2026-04-07;
SCRM ;SCRM Lidl International Hub;SCRM;https:/www.linkedin.com/company/scrmlidlinternationalhub;https://malditasconsultoras.com/scrm-lidl-international-hub/;30.45;2025-06-11;SCRM;https://www.glassdoor.es/Resumen/Trabajar-en-SCRM-EI_IE2574686.12,16.htm;4.0;3.7;;2026-04-07;2026-04-07;
SEIDOR;SEIDOR;SEIDOR;https://www.linkedin.com/company/seidorabout;https://malditasconsultoras.com/opiniones-de-grupo-seidor/;52.54;2023-12-04;SEIDOR;https://www.glassdoor.es/Resumen/Trabajar-en-SEIDOR-EI_IE471128.12,18.htm;3.7;3.5;3.4;2026-05-26;2026-05-26;2026-04-27
SIRT;SIRT;SIRT;https:/www.linkedin.com/company/sirt;https://malditasconsultoras.com/opiniones-de-sirt/;35.15;2025-06-11;SIRT;https://www.glassdoor.es/Resumen/Trabajar-en-SIRT-EI_IE324329.12,16.htm;;;;;;
Sngular;SNGULAR;SNGULAR;https:/www.linkedin.com/company/sngular;https://malditasconsultoras.com/opiniones-de-sngular/;54.81;2025-01-07;sngular;https://www.glassdoor.es/Resumen/Trabajar-en-sngular-EI_IE1263417.12,19.htm;3.8;3.8;3.6;2026-05-22;2026-05-22;2026-05-22
Sotec Consulting;SOTEC CONSULTING;SOTEC CONSULTING;https://www.linkedin.com/company/sotec-consulting-inc/;https://malditasconsultoras.com/opiniones-de-sotec-consulting/;84.43;2024-10-28;Sotec Consulting;https://www.glassdoor.es/Resumen/Trabajar-en-Sotec-Consulting-EI_IE911378.12,28.htm;2.9;2.5;2.2;2026-05-21;2026-05-21;2026-05-21
TD SYNNEX;TD SYNNEX;TD;https:/www.linkedin.com/company/tdsynnex;https://malditasconsultoras.com/opiniones-de-td-synnex/;26.26;2025-06-11;TD SYNNEX;https://www.glassdoor.es/Resumen/Trabajar-en-TD-SYNNEX-EI_IE5923248.12,21.htm;3.7;3.6;3.8;2026-05-20;2026-05-20;2026-05-20
TECDATA ENGINEERING;;;;;;;Tecdata Engineering;https://www.glassdoor.es/Resumen/Trabajar-en-Tecdata-Engineering-EI_IE3310259.12,31.htm;2.4;2.3;2.0;2026-05-15;2026-05-15;2026-05-15
Tecnología y Personas;EXTRACTION_ERROR;EXTRACTION_ERROR;EXTRACTION_ERROR;https://malditasconsultoras.com/opiniones-de-tecnologia-y-personas/;;;Tecnología y Personas;https://www.glassdoor.es/Resumen/Trabajar-en-Tecnología-y-Personas-EI_IE7017285.12,33.htm;;;;;;
Teknei;Teknei;Teknei;https:/www.linkedin.com/company/teknei-group;https://malditasconsultoras.com/opiniones-de-teknei-espana/;43.55;2025-01-06;Teknei;https://www.glassdoor.es/Resumen/Trabajar-en-Teknei-EI_IE2491728.12,18.htm;3.6;3.9;4.2;2026-05-04;2026-03-24;2026-03-05
The Workshop;;;;;;;The Workshop;https://www.glassdoor.es/Resumen/Trabajar-en-The-Workshop-EI_IE1107912.12,24.htm;3.2;3.6;3.4;2026-05-08;2026-04-19;2025-11-18
Thinkia;COMPANY_NOT_FOUND;COMPANY_NOT_FOUND;COMPANY_NOT_FOUND;COMPANY_NOT_FOUND;;;COMPANY_NOT_FOUND;COMPANY_NOT_FOUND;;;;;;
TomTom;COMPANY_NOT_FOUND;COMPANY_NOT_FOUND;COMPANY_NOT_FOUND;COMPANY_NOT_FOUND;;;TomTom;https://www.glassdoor.es/Resumen/Trabajar-en-TomTom-EI_IE38808.12,18.htm;3.8;4.3;4.3;2026-05-14;2026-05-14;2026-05-14
Tracom;COMPANY_NOT_FOUND;COMPANY_NOT_FOUND;COMPANY_NOT_FOUND;COMPANY_NOT_FOUND;;;Tracomal;https://www.glassdoor.es/Resumen/Trabajar-en-Tracomal-EI_IE2487691.12,20.htm;;;;;;
Triangle Talent Solutions RRHH;COMPANY_NOT_FOUND;COMPANY_NOT_FOUND;COMPANY_NOT_FOUND;COMPANY_NOT_FOUND;;;Triangle Talent;https://www.glassdoor.es/Resumen/Trabajar-en-Triangle-Talent-EI_IE1456614.12,27.htm;;;;;;
UST;EXTRACTION_ERROR;EXTRACTION_ERROR;EXTRACTION_ERROR;https://malditasconsultoras.com/open-letter-to-the-president-of-the-international-court-of-justice/;;;UST;https://www.glassdoor.es/Resumen/Trabajar-en-UST-EI_IE2509039.12,15.htm;;;;;;
Varadero Software Factory;COMPANY_NOT_FOUND;COMPANY_NOT_FOUND;COMPANY_NOT_FOUND;COMPANY_NOT_FOUND;;;Varadero Software Factory;https://www.glassdoor.es/Resumen/Trabajar-en-Varadero-Software-Factory-EI_IE2881045.12,37.htm;5.0;;;2025-10-06;;
Vermont Solutions;COMPANY_NOT_FOUND;COMPANY_NOT_FOUND;COMPANY_NOT_FOUND;COMPANY_NOT_FOUND;;;Vermont Solutions;https://www.glassdoor.es/Resumen/Trabajar-en-Vermont-Solutions-EI_IE8895542.12,29.htm;4.0;;;2026-06-03;2026-06-03;2026-06-03
Yumatech;COMPANY_NOT_FOUND;COMPANY_NOT_FOUND;COMPANY_NOT_FOUND;COMPANY_NOT_FOUND;;;COMPANY_NOT_FOUND;COMPANY_NOT_FOUND;;;;;;
Zooplus;zooplus;zooplus;https:/www.linkedin.com/company/zooplus-ag;https://malditasconsultoras.com/opiniones-de-zooplus/;32.26;2025-06-04;Zooplus;https://www.glassdoor.es/Resumen/Trabajar-en-Zooplus-EI_IE257895.12,19.htm;3.2;2.9;2.9;2026-04-30;2026-04-30;2026-04-30
